game_id,referee_id,date,start,visitor_team,visitor_points,home_team,home_points,overtime,attendence
1,50,"Tue, Oct 22, 2019",8:00p,New Orleans Pelicans,122,Toronto Raptors,130,OT,"20,787"
2,11,"Tue, Oct 22, 2019",10:30p,Los Angeles Lakers,102,Los Angeles Clippers,112,,"19,068"
3,11,"Wed, Oct 23, 2019",7:00p,Chicago Bulls,125,Charlotte Hornets,126,,"15,424"
4,26,"Wed, Oct 23, 2019",7:00p,Detroit Pistons,119,Indiana Pacers,110,,"17,923"
5,33,"Wed, Oct 23, 2019",7:00p,Cleveland Cavaliers,85,Orlando Magic,94,,"18,846"
6,19,"Wed, Oct 23, 2019",7:30p,Minnesota Timberwolves,127,Brooklyn Nets,126,OT,"17,732"
7,51,"Wed, Oct 23, 2019",7:30p,Memphis Grizzlies,101,Miami Heat,120,,"19,600"
8,17,"Wed, Oct 23, 2019",7:30p,Boston Celtics,93,Philadelphia 76ers,107,,"20,422"
9,9,"Wed, Oct 23, 2019",8:30p,Washington Wizards,100,Dallas Mavericks,108,,"19,816"
10,46,"Wed, Oct 23, 2019",8:30p,New York Knicks,111,San Antonio Spurs,120,,"18,354"
11,30,"Wed, Oct 23, 2019",9:00p,Oklahoma City Thunder,95,Utah Jazz,100,,"18,306"
12,53,"Wed, Oct 23, 2019",10:00p,Sacramento Kings,95,Phoenix Suns,124,,"18,055"
13,22,"Wed, Oct 23, 2019",10:00p,Denver Nuggets,108,Portland Trail Blazers,100,,"19,991"
14,47,"Thu, Oct 24, 2019",7:00p,Atlanta Hawks,117,Detroit Pistons,100,,"20,338"
15,24,"Thu, Oct 24, 2019",8:00p,Milwaukee Bucks,117,Houston Rockets,111,,"18,055"
16,59,"Thu, Oct 24, 2019",10:30p,Los Angeles Clippers,141,Golden State Warriors,122,,"18,064"
17,4,"Fri, Oct 25, 2019",7:00p,Toronto Raptors,106,Boston Celtics,112,,"18,624"
18,25,"Fri, Oct 25, 2019",7:00p,Minnesota Timberwolves,121,Charlotte Hornets,99,,"14,879"
19,55,"Fri, Oct 25, 2019",7:30p,New York Knicks,109,Brooklyn Nets,113,,"17,732"
20,46,"Fri, Oct 25, 2019",8:00p,Chicago Bulls,110,Memphis Grizzlies,102,,"17,794"
21,48,"Fri, Oct 25, 2019",8:00p,Dallas Mavericks,123,New Orleans Pelicans,116,,"17,027"
22,47,"Fri, Oct 25, 2019",8:00p,Washington Wizards,97,Oklahoma City Thunder,85,,"18,203"
23,10,"Fri, Oct 25, 2019",9:00p,Phoenix Suns,107,Denver Nuggets,108,OT,"19,557"
24,69,"Fri, Oct 25, 2019",10:00p,Portland Trail Blazers,122,Sacramento Kings,112,,"17,583"
25,71,"Fri, Oct 25, 2019",10:30p,Utah Jazz,86,Los Angeles Lakers,95,,"18,997"
26,39,"Sat, Oct 26, 2019",5:00p,Miami Heat,131,Milwaukee Bucks,126,OT,"17,467"
27,39,"Sat, Oct 26, 2019",7:00p,Philadelphia 76ers,117,Detroit Pistons,111,,"16,207"
28,66,"Sat, Oct 26, 2019",7:30p,Orlando Magic,99,Atlanta Hawks,103,,"17,078"
29,24,"Sat, Oct 26, 2019",7:30p,Boston Celtics,118,New York Knicks,95,,"19,812"
30,50,"Sat, Oct 26, 2019",8:00p,Toronto Raptors,108,Chicago Bulls,84,,"21,498"
31,55,"Sat, Oct 26, 2019",8:00p,Indiana Pacers,99,Cleveland Cavaliers,110,,"19,432"
32,1,"Sat, Oct 26, 2019",8:00p,New Orleans Pelicans,123,Houston Rockets,126,,"18,055"
33,44,"Sat, Oct 26, 2019",8:30p,Washington Wizards,122,San Antonio Spurs,124,,"18,354"
34,38,"Sat, Oct 26, 2019",9:00p,Sacramento Kings,81,Utah Jazz,113,,"18,306"
35,17,"Sat, Oct 26, 2019",10:00p,Los Angeles Clippers,122,Phoenix Suns,130,,"15,802"
36,14,"Sun, Oct 27, 2019",3:30p,Golden State Warriors,92,Oklahoma City Thunder,120,,"18,203"
37,29,"Sun, Oct 27, 2019",6:00p,Brooklyn Nets,133,Memphis Grizzlies,134,OT,"15,517"
38,62,"Sun, Oct 27, 2019",7:00p,Portland Trail Blazers,121,Dallas Mavericks,119,,"19,707"
39,44,"Sun, Oct 27, 2019",7:00p,Miami Heat,109,Minnesota Timberwolves,116,,"17,049"
40,27,"Sun, Oct 27, 2019",9:30p,Charlotte Hornets,101,Los Angeles Lakers,120,,"18,997"
41,66,"Mon, Oct 28, 2019",7:00p,Chicago Bulls,98,New York Knicks,105,,"19,812"
42,11,"Mon, Oct 28, 2019",7:00p,Indiana Pacers,94,Detroit Pistons,96,,"13,565"
43,9,"Mon, Oct 28, 2019",7:30p,Orlando Magic,95,Toronto Raptors,104,,"19,800"
44,28,"Mon, Oct 28, 2019",7:30p,Philadelphia 76ers,105,Atlanta Hawks,103,,"14,094"
45,26,"Mon, Oct 28, 2019",8:00p,Oklahoma City Thunder,112,Houston Rockets,116,,"18,055"
46,45,"Mon, Oct 28, 2019",8:00p,Cleveland Cavaliers,112,Milwaukee Bucks,129,,"17,385"
47,12,"Mon, Oct 28, 2019",8:00p,Golden State Warriors,134,New Orleans Pelicans,123,,"17,307"
48,11,"Mon, Oct 28, 2019",8:30p,Portland Trail Blazers,110,San Antonio Spurs,113,,"18,083"
49,15,"Mon, Oct 28, 2019",10:00p,Utah Jazz,96,Phoenix Suns,95,,"14,805"
50,71,"Mon, Oct 28, 2019",10:00p,Denver Nuggets,101,Sacramento Kings,94,,"15,870"
51,62,"Mon, Oct 28, 2019",10:30p,Charlotte Hornets,96,Los Angeles Clippers,111,,"19,068"
52,56,"Tue, Oct 29, 2019",7:30p,Atlanta Hawks,97,Miami Heat,112,,"19,600"
53,18,"Tue, Oct 29, 2019",9:00p,Dallas Mavericks,109,Denver Nuggets,106,,"16,605"
54,42,"Tue, Oct 29, 2019",10:30p,Memphis Grizzlies,91,Los Angeles Lakers,120,,"18,997"
55,61,"Wed, Oct 30, 2019",7:00p,Chicago Bulls,111,Cleveland Cavaliers,117,,"17,595"
56,42,"Wed, Oct 30, 2019",7:00p,New York Knicks,83,Orlando Magic,95,,"17,456"
57,21,"Wed, Oct 30, 2019",7:00p,Minnesota Timberwolves,95,Philadelphia 76ers,117,,"20,204"
58,49,"Wed, Oct 30, 2019",7:30p,Milwaukee Bucks,105,Boston Celtics,116,,"18,624"
59,1,"Wed, Oct 30, 2019",7:30p,Indiana Pacers,118,Brooklyn Nets,108,,"17,083"
60,59,"Wed, Oct 30, 2019",7:30p,Detroit Pistons,113,Toronto Raptors,125,,"19,800"
61,9,"Wed, Oct 30, 2019",8:00p,Portland Trail Blazers,102,Oklahoma City Thunder,99,,"18,203"
62,57,"Wed, Oct 30, 2019",8:00p,Houston Rockets,159,Washington Wizards,158,,"20,476"
63,45,"Wed, Oct 30, 2019",10:00p,Charlotte Hornets,118,Sacramento Kings,111,,"15,416"
64,5,"Wed, Oct 30, 2019",10:00p,Los Angeles Clippers,96,Utah Jazz,110,,"18,306"
65,69,"Wed, Oct 30, 2019",10:30p,Phoenix Suns,121,Golden State Warriors,110,,"18,064"
66,57,"Thu, Oct 31, 2019",7:00p,Miami Heat,106,Atlanta Hawks,97,,"16,539"
67,24,"Thu, Oct 31, 2019",9:30p,Denver Nuggets,107,New Orleans Pelicans,122,,"16,613"
68,71,"Thu, Oct 31, 2019",10:30p,San Antonio Spurs,97,Los Angeles Clippers,103,,"19,068"
69,51,"Fri, Nov 1, 2019",7:00p,Houston Rockets,116,Brooklyn Nets,123,,"17,732"
70,36,"Fri, Nov 1, 2019",7:00p,Cleveland Cavaliers,95,Indiana Pacers,102,,"16,079"
71,57,"Fri, Nov 1, 2019",7:00p,Milwaukee Bucks,123,Orlando Magic,91,,"15,105"
72,59,"Fri, Nov 1, 2019",7:30p,New York Knicks,102,Boston Celtics,104,,"18,624"
73,53,"Fri, Nov 1, 2019",8:00p,Detroit Pistons,106,Chicago Bulls,112,,"20,671"
74,67,"Fri, Nov 1, 2019",9:30p,Los Angeles Lakers,119,Dallas Mavericks,110,OT,"20,358"
75,9,"Fri, Nov 1, 2019",10:00p,Utah Jazz,101,Sacramento Kings,102,,"16,273"
76,19,"Fri, Nov 1, 2019",10:30p,San Antonio Spurs,127,Golden State Warriors,110,,"18,064"
77,11,"Sat, Nov 2, 2019",5:00p,New Orleans Pelicans,104,Oklahoma City Thunder,115,,"18,203"
78,8,"Sat, Nov 2, 2019",7:00p,Brooklyn Nets,109,Detroit Pistons,113,,"17,222"
79,4,"Sat, Nov 2, 2019",7:00p,Denver Nuggets,91,Orlando Magic,87,,"17,025"
80,52,"Sat, Nov 2, 2019",8:00p,Phoenix Suns,114,Memphis Grizzlies,105,,"14,144"
81,55,"Sat, Nov 2, 2019",8:00p,Toronto Raptors,105,Milwaukee Bucks,115,,"17,637"
82,36,"Sat, Nov 2, 2019",8:00p,Minnesota Timberwolves,131,Washington Wizards,109,,"15,150"
83,19,"Sat, Nov 2, 2019",8:30p,Charlotte Hornets,93,Golden State Warriors,87,,"18,064"
84,29,"Sat, Nov 2, 2019",10:00p,Philadelphia 76ers,129,Portland Trail Blazers,128,,"19,669"
85,34,"Sun, Nov 3, 2019",5:00p,Chicago Bulls,95,Indiana Pacers,108,,"17,073"
86,55,"Sun, Nov 3, 2019",6:00p,Houston Rockets,100,Miami Heat,129,,"19,724"
87,46,"Sun, Nov 3, 2019",6:00p,Sacramento Kings,113,New York Knicks,92,,"19,812"
88,68,"Sun, Nov 3, 2019",7:00p,Los Angeles Lakers,103,San Antonio Spurs,96,,"18,610"
89,17,"Sun, Nov 3, 2019",7:30p,Dallas Mavericks,131,Cleveland Cavaliers,111,,"18,078"
90,65,"Sun, Nov 3, 2019",9:00p,Utah Jazz,94,Los Angeles Clippers,105,,"19,068"
91,36,"Mon, Nov 4, 2019",7:00p,Detroit Pistons,99,Washington Wizards,115,,"13,052"
92,67,"Mon, Nov 4, 2019",7:30p,New Orleans Pelicans,125,Brooklyn Nets,135,,"17,194"
93,66,"Mon, Nov 4, 2019",8:00p,Houston Rockets,107,Memphis Grizzlies,100,,"14,197"
94,60,"Mon, Nov 4, 2019",8:00p,Milwaukee Bucks,134,Minnesota Timberwolves,106,,"16,271"
95,51,"Mon, Nov 4, 2019",9:00p,Philadelphia 76ers,109,Phoenix Suns,114,,"14,285"
96,18,"Mon, Nov 4, 2019",10:30p,Portland Trail Blazers,118,Golden State Warriors,127,,"18,064"
97,32,"Tue, Nov 5, 2019",7:00p,Indiana Pacers,120,Charlotte Hornets,122,OT,"13,341"
98,62,"Tue, Nov 5, 2019",7:00p,Boston Celtics,119,Cleveland Cavaliers,113,,"17,709"
99,6,"Tue, Nov 5, 2019",7:30p,San Antonio Spurs,100,Atlanta Hawks,108,,"14,025"
100,18,"Tue, Nov 5, 2019",8:00p,Los Angeles Lakers,118,Chicago Bulls,112,,"21,193"
101,48,"Tue, Nov 5, 2019",8:00p,Orlando Magic,94,Oklahoma City Thunder,102,,"18,203"
102,10,"Tue, Nov 5, 2019",9:00p,Miami Heat,89,Denver Nuggets,109,,"18,010"
103,14,"Wed, Nov 6, 2019",7:00p,New York Knicks,102,Detroit Pistons,122,,"15,463"
104,54,"Wed, Nov 6, 2019",7:00p,Washington Wizards,106,Indiana Pacers,121,,"16,171"
105,24,"Wed, Nov 6, 2019",7:30p,Chicago Bulls,113,Atlanta Hawks,93,,"15,049"
106,1,"Wed, Nov 6, 2019",7:30p,Golden State Warriors,112,Houston Rockets,129,,"18,055"
107,20,"Wed, Nov 6, 2019",7:30p,Sacramento Kings,120,Toronto Raptors,124,,"19,800"
108,42,"Wed, Nov 6, 2019",8:00p,Minnesota Timberwolves,121,Memphis Grizzlies,137,,"13,503"
109,21,"Wed, Nov 6, 2019",8:30p,Orlando Magic,106,Dallas Mavericks,107,,"19,487"
110,50,"Wed, Nov 6, 2019",9:00p,Philadelphia 76ers,104,Utah Jazz,106,,"18,306"
111,45,"Wed, Nov 6, 2019",10:00p,Milwaukee Bucks,129,Los Angeles Clippers,124,,"19,068"
112,68,"Thu, Nov 7, 2019",8:00p,Boston Celtics,108,Charlotte Hornets,87,,"18,487"
113,66,"Thu, Nov 7, 2019",8:30p,Oklahoma City Thunder,112,San Antonio Spurs,121,,"18,354"
114,18,"Thu, Nov 7, 2019",9:00p,Miami Heat,124,Phoenix Suns,108,,"15,498"
115,58,"Thu, Nov 7, 2019",10:30p,Portland Trail Blazers,101,Los Angeles Clippers,107,,"19,068"
116,62,"Fri, Nov 8, 2019",7:00p,Detroit Pistons,106,Indiana Pacers,112,,"15,544"
117,61,"Fri, Nov 8, 2019",7:00p,Memphis Grizzlies,86,Orlando Magic,118,,"17,021"
118,9,"Fri, Nov 8, 2019",7:00p,Cleveland Cavaliers,113,Washington Wizards,100,,"16,946"
119,29,"Fri, Nov 8, 2019",7:30p,Sacramento Kings,121,Atlanta Hawks,109,,"16,447"
120,13,"Fri, Nov 8, 2019",8:00p,Golden State Warriors,119,Minnesota Timberwolves,125,OT,"15,647"
121,8,"Fri, Nov 8, 2019",8:00p,Toronto Raptors,122,New Orleans Pelicans,104,,"16,337"
122,15,"Fri, Nov 8, 2019",8:30p,New York Knicks,106,Dallas Mavericks,102,,"20,257"
123,68,"Fri, Nov 8, 2019",9:00p,Philadelphia 76ers,97,Denver Nuggets,100,,"19,520"
124,56,"Fri, Nov 8, 2019",9:00p,Milwaukee Bucks,100,Utah Jazz,103,,"18,306"
125,54,"Fri, Nov 8, 2019",10:00p,Brooklyn Nets,119,Portland Trail Blazers,115,,"20,089"
126,2,"Fri, Nov 8, 2019",10:30p,Miami Heat,80,Los Angeles Lakers,95,,"18,997"
127,30,"Sat, Nov 9, 2019",5:00p,Boston Celtics,135,San Antonio Spurs,115,,"18,354"
128,39,"Sat, Nov 9, 2019",7:00p,New Orleans Pelicans,115,Charlotte Hornets,110,,"18,513"
129,67,"Sat, Nov 9, 2019",8:00p,Houston Rockets,117,Chicago Bulls,94,,"20,482"
130,53,"Sat, Nov 9, 2019",8:00p,Dallas Mavericks,138,Memphis Grizzlies,122,,"15,753"
131,69,"Sat, Nov 9, 2019",8:00p,Golden State Warriors,108,Oklahoma City Thunder,114,,"18,203"
132,37,"Sun, Nov 10, 2019",3:30p,Denver Nuggets,100,Minnesota Timberwolves,98,OT,"13,553"
133,23,"Sun, Nov 10, 2019",6:00p,Indiana Pacers,109,Orlando Magic,102,,"17,118"
134,36,"Sun, Nov 10, 2019",6:00p,Charlotte Hornets,106,Philadelphia 76ers,114,,"20,311"
135,16,"Sun, Nov 10, 2019",7:00p,Milwaukee Bucks,121,Oklahoma City Thunder,119,,"18,203"
136,14,"Sun, Nov 10, 2019",7:30p,Cleveland Cavaliers,108,New York Knicks,87,,"19,812"
137,68,"Sun, Nov 10, 2019",8:00p,Brooklyn Nets,112,Phoenix Suns,138,,"17,290"
138,18,"Sun, Nov 10, 2019",9:00p,Atlanta Hawks,113,Portland Trail Blazers,124,OT,"20,041"
139,15,"Sun, Nov 10, 2019",9:30p,Toronto Raptors,113,Los Angeles Lakers,104,,"18,997"
140,42,"Mon, Nov 11, 2019",7:00p,Minnesota Timberwolves,120,Detroit Pistons,114,,"12,526"
141,5,"Mon, Nov 11, 2019",7:30p,Dallas Mavericks,106,Boston Celtics,116,,"18,624"
142,19,"Mon, Nov 11, 2019",7:30p,Memphis Grizzlies,113,San Antonio Spurs,109,,"18,627"
143,2,"Mon, Nov 11, 2019",8:00p,Houston Rockets,122,New Orleans Pelicans,116,,"16,695"
144,42,"Mon, Nov 11, 2019",10:30p,Utah Jazz,122,Golden State Warriors,108,,"18,064"
145,42,"Mon, Nov 11, 2019",10:30p,Toronto Raptors,88,Los Angeles Clippers,98,,"19,068"
146,2,"Tue, Nov 12, 2019",7:00p,Oklahoma City Thunder,85,Indiana Pacers,111,,"15,838"
147,25,"Tue, Nov 12, 2019",7:00p,Cleveland Cavaliers,97,Philadelphia 76ers,98,,"20,294"
148,54,"Tue, Nov 12, 2019",7:30p,Detroit Pistons,108,Miami Heat,117,,"19,600"
149,11,"Tue, Nov 12, 2019",8:00p,New York Knicks,102,Chicago Bulls,120,,"18,668"
150,19,"Tue, Nov 12, 2019",9:00p,Atlanta Hawks,125,Denver Nuggets,121,,"18,327"
151,64,"Tue, Nov 12, 2019",9:00p,Los Angeles Lakers,123,Phoenix Suns,115,,"18,055"
152,24,"Tue, Nov 12, 2019",9:00p,Brooklyn Nets,114,Utah Jazz,119,,"18,306"
153,30,"Tue, Nov 12, 2019",10:00p,Portland Trail Blazers,99,Sacramento Kings,107,,"16,358"
154,67,"Wed, Nov 13, 2019",7:00p,Memphis Grizzlies,119,Charlotte Hornets,117,,"13,155"
155,1,"Wed, Nov 13, 2019",7:00p,Philadelphia 76ers,97,Orlando Magic,112,,"15,113"
156,36,"Wed, Nov 13, 2019",7:30p,Washington Wizards,133,Boston Celtics,140,,"19,156"
157,70,"Wed, Nov 13, 2019",7:30p,Los Angeles Clippers,93,Houston Rockets,102,,"18,055"
158,8,"Wed, Nov 13, 2019",8:00p,San Antonio Spurs,114,Minnesota Timberwolves,129,,"11,581"
159,50,"Wed, Nov 13, 2019",10:00p,Golden State Warriors,94,Los Angeles Lakers,120,,"18,997"
160,34,"Wed, Nov 13, 2019",10:00p,Toronto Raptors,114,Portland Trail Blazers,106,,"19,544"
161,42,"Thu, Nov 14, 2019",6:00p,Miami Heat,108,Cleveland Cavaliers,97,,"17,374"
162,42,"Thu, Nov 14, 2019",8:00p,Chicago Bulls,115,Milwaukee Bucks,124,,"17,627"
163,55,"Thu, Nov 14, 2019",8:00p,Los Angeles Clippers,127,New Orleans Pelicans,132,,"17,147"
164,38,"Thu, Nov 14, 2019",8:00p,Dallas Mavericks,103,New York Knicks,106,,"19,812"
165,30,"Thu, Nov 14, 2019",9:00p,Atlanta Hawks,112,Phoenix Suns,128,,"15,143"
166,64,"Thu, Nov 14, 2019",10:30p,Brooklyn Nets,93,Denver Nuggets,101,,"18,394"
167,40,"Fri, Nov 15, 2019",7:00p,Detroit Pistons,106,Charlotte Hornets,109,,"16,778"
168,43,"Fri, Nov 15, 2019",7:00p,San Antonio Spurs,109,Orlando Magic,111,,"16,296"
169,28,"Fri, Nov 15, 2019",8:00p,Indiana Pacers,102,Houston Rockets,111,,"18,055"
170,22,"Fri, Nov 15, 2019",8:00p,Utah Jazz,106,Memphis Grizzlies,107,,"16,422"
171,8,"Fri, Nov 15, 2019",8:00p,Washington Wizards,137,Minnesota Timberwolves,116,,"12,716"
172,28,"Fri, Nov 15, 2019",8:00p,Philadelphia 76ers,119,Oklahoma City Thunder,127,OT,"18,203"
173,61,"Fri, Nov 15, 2019",10:30p,Boston Celtics,105,Golden State Warriors,100,,"18,064"
174,55,"Fri, Nov 15, 2019",10:30p,Sacramento Kings,97,Los Angeles Lakers,99,,"18,997"
175,19,"Sat, Nov 16, 2019",6:00p,Brooklyn Nets,117,Chicago Bulls,111,,"19,148"
176,55,"Sat, Nov 16, 2019",7:00p,Milwaukee Bucks,102,Indiana Pacers,83,,"17,024"
177,33,"Sat, Nov 16, 2019",7:30p,Charlotte Hornets,103,New York Knicks,102,,"19,401"
178,5,"Sat, Nov 16, 2019",8:00p,New Orleans Pelicans,94,Miami Heat,109,,"19,600"
179,6,"Sat, Nov 16, 2019",8:00p,Houston Rockets,125,Minnesota Timberwolves,105,,"18,978"
180,34,"Sat, Nov 16, 2019",8:30p,Toronto Raptors,102,Dallas Mavericks,110,,"19,926"
181,42,"Sat, Nov 16, 2019",8:30p,Portland Trail Blazers,121,San Antonio Spurs,116,,"18,534"
182,62,"Sat, Nov 16, 2019",10:30p,Atlanta Hawks,101,Los Angeles Clippers,150,,"19,068"
183,25,"Sun, Nov 17, 2019",3:00p,Philadelphia 76ers,114,Cleveland Cavaliers,95,,"19,432"
184,51,"Sun, Nov 17, 2019",3:30p,Boston Celtics,99,Sacramento Kings,100,,"16,633"
185,20,"Sun, Nov 17, 2019",6:00p,Denver Nuggets,131,Memphis Grizzlies,114,,"14,227"
186,39,"Sun, Nov 17, 2019",6:00p,Washington Wizards,121,Orlando Magic,125,,"16,344"
187,40,"Sun, Nov 17, 2019",7:00p,Golden State Warriors,100,New Orleans Pelicans,108,,"16,812"
188,2,"Sun, Nov 17, 2019",9:30p,Atlanta Hawks,101,Los Angeles Lakers,122,,"18,997"
189,27,"Mon, Nov 18, 2019",7:00p,Cleveland Cavaliers,105,New York Knicks,123,,"17,097"
190,37,"Mon, Nov 18, 2019",7:30p,Indiana Pacers,115,Brooklyn Nets,86,,"14,140"
191,36,"Mon, Nov 18, 2019",7:30p,Charlotte Hornets,96,Toronto Raptors,132,,"19,800"
192,38,"Mon, Nov 18, 2019",8:00p,Milwaukee Bucks,115,Chicago Bulls,101,,"17,565"
193,32,"Mon, Nov 18, 2019",8:00p,Portland Trail Blazers,108,Houston Rockets,132,,"18,055"
194,67,"Mon, Nov 18, 2019",8:30p,San Antonio Spurs,110,Dallas Mavericks,117,,"19,637"
195,14,"Mon, Nov 18, 2019",9:00p,Boston Celtics,99,Phoenix Suns,85,,"15,193"
196,36,"Mon, Nov 18, 2019",9:00p,Minnesota Timberwolves,112,Utah Jazz,102,,"18,306"
197,36,"Mon, Nov 18, 2019",10:30p,Oklahoma City Thunder,88,Los Angeles Clippers,90,,"19,068"
198,68,"Tue, Nov 19, 2019",8:00p,Golden State Warriors,114,Memphis Grizzlies,95,,"14,511"
199,69,"Tue, Nov 19, 2019",8:00p,Portland Trail Blazers,104,New Orleans Pelicans,115,,"15,021"
200,33,"Tue, Nov 19, 2019",10:00p,Phoenix Suns,116,Sacramento Kings,120,,"16,732"
201,28,"Tue, Nov 19, 2019",10:30p,Oklahoma City Thunder,107,Los Angeles Lakers,112,,"18,997"
202,39,"Wed, Nov 20, 2019",7:00p,New York Knicks,104,Philadelphia 76ers,109,,"20,384"
203,27,"Wed, Nov 20, 2019",7:00p,San Antonio Spurs,132,Washington Wizards,138,,"14,579"
204,63,"Wed, Nov 20, 2019",7:30p,Milwaukee Bucks,135,Atlanta Hawks,127,,"16,441"
205,63,"Wed, Nov 20, 2019",7:30p,Charlotte Hornets,91,Brooklyn Nets,101,,"14,011"
206,54,"Wed, Nov 20, 2019",7:30p,Golden State Warriors,94,Dallas Mavericks,142,,"19,569"
207,3,"Wed, Nov 20, 2019",7:30p,Cleveland Cavaliers,100,Miami Heat,124,,"19,600"
208,67,"Wed, Nov 20, 2019",7:30p,Orlando Magic,97,Toronto Raptors,113,,"19,800"
209,32,"Wed, Nov 20, 2019",8:00p,Detroit Pistons,89,Chicago Bulls,109,,"18,119"
210,20,"Wed, Nov 20, 2019",8:00p,Utah Jazz,103,Minnesota Timberwolves,95,,"13,177"
211,17,"Wed, Nov 20, 2019",9:00p,Houston Rockets,95,Denver Nuggets,105,,"17,778"
212,53,"Wed, Nov 20, 2019",10:00p,Boston Celtics,104,Los Angeles Clippers,107,OT,"19,068"
213,17,"Thu, Nov 21, 2019",8:00p,Portland Trail Blazers,129,Milwaukee Bucks,137,,"17,385"
214,4,"Thu, Nov 21, 2019",10:30p,New Orleans Pelicans,124,Phoenix Suns,121,,"13,903"
215,11,"Fri, Nov 22, 2019",7:00p,Atlanta Hawks,103,Detroit Pistons,128,,"15,399"
216,56,"Fri, Nov 22, 2019",7:00p,Charlotte Hornets,118,Washington Wizards,125,,"15,053"
217,25,"Fri, Nov 22, 2019",7:30p,Sacramento Kings,97,Brooklyn Nets,116,,"15,619"
218,19,"Fri, Nov 22, 2019",8:00p,Miami Heat,116,Chicago Bulls,108,,"18,953"
219,47,"Fri, Nov 22, 2019",8:00p,Los Angeles Lakers,130,Oklahoma City Thunder,127,,"18,203"
220,9,"Fri, Nov 22, 2019",8:00p,San Antonio Spurs,104,Philadelphia 76ers,115,,"20,927"
221,11,"Fri, Nov 22, 2019",8:30p,Cleveland Cavaliers,101,Dallas Mavericks,143,,"19,639"
222,71,"Fri, Nov 22, 2019",9:00p,Boston Celtics,92,Denver Nuggets,96,,"19,520"
223,5,"Fri, Nov 22, 2019",9:00p,Golden State Warriors,109,Utah Jazz,113,,"18,306"
224,69,"Fri, Nov 22, 2019",10:30p,Houston Rockets,119,Los Angeles Clippers,122,,"19,068"
225,36,"Sat, Nov 23, 2019",5:00p,Phoenix Suns,100,Minnesota Timberwolves,98,,"17,362"
226,68,"Sat, Nov 23, 2019",7:00p,Chicago Bulls,116,Charlotte Hornets,115,,"17,891"
227,18,"Sat, Nov 23, 2019",7:00p,Orlando Magic,106,Indiana Pacers,111,,"16,446"
228,25,"Sat, Nov 23, 2019",7:30p,Toronto Raptors,119,Atlanta Hawks,116,,"16,931"
229,12,"Sat, Nov 23, 2019",7:30p,San Antonio Spurs,111,New York Knicks,104,,"19,320"
230,68,"Sat, Nov 23, 2019",7:30p,Miami Heat,86,Philadelphia 76ers,113,,"21,017"
231,34,"Sat, Nov 23, 2019",8:00p,Portland Trail Blazers,104,Cleveland Cavaliers,110,,"19,432"
232,64,"Sat, Nov 23, 2019",8:00p,Los Angeles Lakers,109,Memphis Grizzlies,108,,"17,794"
233,13,"Sat, Nov 23, 2019",8:30p,Detroit Pistons,90,Milwaukee Bucks,104,,"17,585"
234,13,"Sat, Nov 23, 2019",9:00p,New Orleans Pelicans,120,Utah Jazz,128,,"18,306"
235,63,"Sun, Nov 24, 2019",3:30p,Dallas Mavericks,137,Houston Rockets,123,,"18,055"
236,33,"Sun, Nov 24, 2019",6:00p,Brooklyn Nets,103,New York Knicks,101,,"18,770"
237,36,"Sun, Nov 24, 2019",6:00p,Sacramento Kings,113,Washington Wizards,106,,"15,885"
238,38,"Sun, Nov 24, 2019",8:00p,Phoenix Suns,104,Denver Nuggets,116,,"19,520"
239,54,"Sun, Nov 24, 2019",9:00p,New Orleans Pelicans,109,Los Angeles Clippers,134,,"19,068"
240,35,"Mon, Nov 25, 2019",7:00p,Brooklyn Nets,108,Cleveland Cavaliers,106,,"17,143"
241,41,"Mon, Nov 25, 2019",7:00p,Orlando Magic,88,Detroit Pistons,103,,"14,695"
242,59,"Mon, Nov 25, 2019",7:00p,Memphis Grizzlies,114,Indiana Pacers,126,,"15,141"
243,1,"Mon, Nov 25, 2019",7:30p,Minnesota Timberwolves,125,Atlanta Hawks,113,,"16,218"
244,35,"Mon, Nov 25, 2019",7:30p,Sacramento Kings,102,Boston Celtics,103,,"19,156"
245,52,"Mon, Nov 25, 2019",7:30p,Charlotte Hornets,100,Miami Heat,117,,"19,600"
246,37,"Mon, Nov 25, 2019",7:30p,Philadelphia 76ers,96,Toronto Raptors,101,,"19,800"
247,30,"Mon, Nov 25, 2019",8:00p,Portland Trail Blazers,117,Chicago Bulls,94,,"18,776"
248,58,"Mon, Nov 25, 2019",8:00p,Utah Jazz,118,Milwaukee Bucks,122,,"17,385"
249,65,"Mon, Nov 25, 2019",8:30p,Los Angeles Lakers,114,San Antonio Spurs,104,,"18,498"
250,30,"Mon, Nov 25, 2019",10:30p,Oklahoma City Thunder,100,Golden State Warriors,97,,"18,064"
251,34,"Tue, Nov 26, 2019",8:30p,Los Angeles Clippers,114,Dallas Mavericks,99,,"20,407"
252,71,"Tue, Nov 26, 2019",9:00p,Washington Wizards,104,Denver Nuggets,117,,"18,673"
253,7,"Wed, Nov 27, 2019",7:00p,Brooklyn Nets,110,Boston Celtics,121,,"19,156"
254,28,"Wed, Nov 27, 2019",7:00p,Detroit Pistons,101,Charlotte Hornets,102,,"15,535"
255,31,"Wed, Nov 27, 2019",7:00p,Orlando Magic,116,Cleveland Cavaliers,104,,"17,712"
256,57,"Wed, Nov 27, 2019",7:00p,Utah Jazz,102,Indiana Pacers,121,,"17,027"
257,41,"Wed, Nov 27, 2019",7:00p,Sacramento Kings,91,Philadelphia 76ers,97,,"20,592"
258,5,"Wed, Nov 27, 2019",7:30p,New York Knicks,98,Toronto Raptors,126,,"19,800"
259,58,"Wed, Nov 27, 2019",8:00p,Miami Heat,108,Houston Rockets,117,,"18,055"
260,7,"Wed, Nov 27, 2019",8:00p,Los Angeles Clippers,121,Memphis Grizzlies,119,,"16,721"
261,15,"Wed, Nov 27, 2019",8:00p,Atlanta Hawks,102,Milwaukee Bucks,111,,"17,525"
262,69,"Wed, Nov 27, 2019",8:30p,Minnesota Timberwolves,113,San Antonio Spurs,101,,"18,354"
263,5,"Wed, Nov 27, 2019",9:00p,Washington Wizards,140,Phoenix Suns,132,,"14,123"
264,10,"Wed, Nov 27, 2019",9:30p,Los Angeles Lakers,114,New Orleans Pelicans,110,,"18,626"
265,53,"Wed, Nov 27, 2019",10:00p,Oklahoma City Thunder,119,Portland Trail Blazers,136,,"19,870"
266,4,"Wed, Nov 27, 2019",10:30p,Chicago Bulls,90,Golden State Warriors,104,,"18,064"
267,70,"Fri, Nov 29, 2019",12:00p,Boston Celtics,107,Brooklyn Nets,112,,"17,732"
268,42,"Fri, Nov 29, 2019",7:00p,Charlotte Hornets,110,Detroit Pistons,107,,"15,006"
269,44,"Fri, Nov 29, 2019",7:00p,Toronto Raptors,90,Orlando Magic,83,,"17,014"
270,12,"Fri, Nov 29, 2019",7:30p,Milwaukee Bucks,119,Cleveland Cavaliers,110,,"19,432"
271,9,"Fri, Nov 29, 2019",7:30p,Philadelphia 76ers,101,New York Knicks,95,,"18,109"
272,35,"Fri, Nov 29, 2019",8:00p,Atlanta Hawks,104,Indiana Pacers,105,OT,"15,827"
273,13,"Fri, Nov 29, 2019",8:00p,Utah Jazz,103,Memphis Grizzlies,94,,"16,605"
274,35,"Fri, Nov 29, 2019",8:00p,Golden State Warriors,105,Miami Heat,122,,"19,600"
275,34,"Fri, Nov 29, 2019",8:00p,New Orleans Pelicans,104,Oklahoma City Thunder,109,,"18,203"
276,66,"Fri, Nov 29, 2019",8:30p,Los Angeles Clippers,97,San Antonio Spurs,107,,"18,354"
277,66,"Fri, Nov 29, 2019",9:00p,Dallas Mavericks,120,Phoenix Suns,113,,"18,055"
278,1,"Fri, Nov 29, 2019",10:00p,Chicago Bulls,103,Portland Trail Blazers,107,,"20,139"
279,34,"Fri, Nov 29, 2019",10:30p,Washington Wizards,103,Los Angeles Lakers,125,,"18,997"
280,19,"Sat, Nov 30, 2019",5:00p,Denver Nuggets,97,Sacramento Kings,100,OT,"17,583"
281,25,"Sat, Nov 30, 2019",7:00p,Indiana Pacers,116,Philadelphia 76ers,119,,"20,517"
282,52,"Sat, Nov 30, 2019",8:00p,Atlanta Hawks,111,Houston Rockets,158,,"18,055"
283,10,"Sat, Nov 30, 2019",8:00p,Charlotte Hornets,96,Milwaukee Bucks,137,,"17,550"
284,40,"Sun, Dec 1, 2019",3:00p,Miami Heat,109,Brooklyn Nets,106,,"17,026"
285,61,"Sun, Dec 1, 2019",3:30p,Memphis Grizzlies,115,Minnesota Timberwolves,107,,"12,276"
286,70,"Sun, Dec 1, 2019",3:30p,Boston Celtics,113,New York Knicks,104,,"18,005"
287,13,"Sun, Dec 1, 2019",4:00p,Dallas Mavericks,114,Los Angeles Lakers,100,,"18,997"
288,52,"Sun, Dec 1, 2019",5:00p,San Antonio Spurs,98,Detroit Pistons,132,,"14,270"
289,24,"Sun, Dec 1, 2019",5:00p,Oklahoma City Thunder,107,New Orleans Pelicans,104,,"15,427"
290,39,"Sun, Dec 1, 2019",6:00p,Golden State Warriors,96,Orlando Magic,100,,"15,052"
291,7,"Sun, Dec 1, 2019",6:00p,Utah Jazz,110,Toronto Raptors,130,,"18,132"
292,28,"Sun, Dec 1, 2019",10:30p,Washington Wizards,125,Los Angeles Clippers,150,,"19,068"
293,5,"Mon, Dec 2, 2019",7:00p,Phoenix Suns,109,Charlotte Hornets,104,,"11,221"
294,25,"Mon, Dec 2, 2019",7:00p,Utah Jazz,94,Philadelphia 76ers,103,,"20,208"
295,45,"Mon, Dec 2, 2019",7:30p,Golden State Warriors,79,Atlanta Hawks,104,,"14,278"
296,26,"Mon, Dec 2, 2019",8:00p,Indiana Pacers,117,Memphis Grizzlies,104,,"11,919"
297,24,"Mon, Dec 2, 2019",8:00p,New York Knicks,88,Milwaukee Bucks,132,,"17,385"
298,64,"Mon, Dec 2, 2019",10:00p,Chicago Bulls,113,Sacramento Kings,106,,"17,257"
299,36,"Tue, Dec 3, 2019",7:00p,Detroit Pistons,127,Cleveland Cavaliers,94,,"17,504"
300,35,"Tue, Dec 3, 2019",7:00p,Orlando Magic,127,Washington Wizards,120,,"13,159"
301,64,"Tue, Dec 3, 2019",7:30p,Dallas Mavericks,118,New Orleans Pelicans,97,,"14,664"
302,17,"Tue, Dec 3, 2019",7:30p,Miami Heat,121,Toronto Raptors,110,OT,"19,800"
303,42,"Tue, Dec 3, 2019",8:30p,Houston Rockets,133,San Antonio Spurs,135,2OT,"18,354"
304,21,"Tue, Dec 3, 2019",9:00p,Los Angeles Lakers,105,Denver Nuggets,96,,"19,658"
305,18,"Tue, Dec 3, 2019",10:00p,Portland Trail Blazers,97,Los Angeles Clippers,117,,"19,068"
306,22,"Wed, Dec 4, 2019",7:00p,Golden State Warriors,91,Charlotte Hornets,106,,"14,355"
307,26,"Wed, Dec 4, 2019",7:00p,Milwaukee Bucks,127,Detroit Pistons,103,,"15,742"
308,20,"Wed, Dec 4, 2019",7:00p,Phoenix Suns,114,Orlando Magic,128,,"15,176"
309,60,"Wed, Dec 4, 2019",7:30p,Brooklyn Nets,130,Atlanta Hawks,118,,"15,694"
310,70,"Wed, Dec 4, 2019",7:30p,Miami Heat,93,Boston Celtics,112,,"19,156"
311,4,"Wed, Dec 4, 2019",8:00p,Memphis Grizzlies,99,Chicago Bulls,106,,"15,017"
312,67,"Wed, Dec 4, 2019",8:00p,Indiana Pacers,107,Oklahoma City Thunder,100,,"18,203"
313,25,"Wed, Dec 4, 2019",8:30p,Minnesota Timberwolves,114,Dallas Mavericks,121,,"19,671"
314,48,"Wed, Dec 4, 2019",9:00p,Los Angeles Lakers,121,Utah Jazz,96,,"18,306"
315,16,"Wed, Dec 4, 2019",10:00p,Sacramento Kings,116,Portland Trail Blazers,127,,"19,393"
316,52,"Thu, Dec 5, 2019",7:00p,Philadelphia 76ers,113,Washington Wizards,119,,"16,554"
317,37,"Thu, Dec 5, 2019",7:30p,Denver Nuggets,129,New York Knicks,92,,"18,171"
318,70,"Thu, Dec 5, 2019",7:30p,Houston Rockets,119,Toronto Raptors,109,,"19,800"
319,51,"Thu, Dec 5, 2019",8:00p,Phoenix Suns,139,New Orleans Pelicans,132,OT,"15,607"
320,65,"Fri, Dec 6, 2019",7:00p,Brooklyn Nets,111,Charlotte Hornets,104,,"15,075"
321,39,"Fri, Dec 6, 2019",7:00p,Orlando Magic,93,Cleveland Cavaliers,87,,"18,446"
322,33,"Fri, Dec 6, 2019",7:00p,Indiana Pacers,101,Detroit Pistons,108,,"14,894"
323,70,"Fri, Dec 6, 2019",8:00p,Denver Nuggets,95,Boston Celtics,108,,"19,156"
324,13,"Fri, Dec 6, 2019",8:00p,Golden State Warriors,100,Chicago Bulls,98,,"18,841"
325,32,"Fri, Dec 6, 2019",8:00p,Washington Wizards,103,Miami Heat,112,,"19,600"
326,27,"Fri, Dec 6, 2019",8:00p,Minnesota Timberwolves,127,Oklahoma City Thunder,139,OT,"18,203"
327,29,"Fri, Dec 6, 2019",8:30p,Los Angeles Clippers,91,Milwaukee Bucks,119,,"17,732"
328,49,"Fri, Dec 6, 2019",8:30p,Sacramento Kings,104,San Antonio Spurs,105,OT,"18,354"
329,24,"Fri, Dec 6, 2019",10:30p,Los Angeles Lakers,136,Portland Trail Blazers,113,,"19,912"